r,s,t,l,max_principal,loc_x,loc_y,loc_z,dir_x,dir_y,dir_z,root_name,order
0.0,0.0,0.0,-0.03,10.307435989379883,3.048,-2.60858,6.4107,0.12129107664555241,0.9925935974311225,-0.006813594125387023,l-003,0.0
0.0,0.005,0.0,-0.03,15.402073860168457,3.048,-2.61009,6.60059,0.16589381524516267,0.9861434867930222,-0.0005152854591056654,s0005l-003,1.0
0.0,0.01,0.0,-0.03,19.788660049438477,3.048,-2.61009,6.60059,0.18266930583587154,0.9831744114945765,-3.588501327944118e-05,s001l-003,2.0
0.015,0.0,0.0,-0.03,15.415855407714844,3.048,-2.61009,6.60059,0.48420332891532103,0.057829745622290804,-0.873042299541427,r0015l-003,3.0
0.015,0.005,0.0,-0.03,19.249279022216797,3.048,-2.61009,6.60059,0.3654816834030963,0.9278759910514018,-0.07395460991187675,r0015s0005l-003,4.0
0.015,0.01,0.0,-0.03,23.69430160522461,3.048,-2.61009,6.60059,0.9342532722830051,0.35661013417629595,0.0001882319346117966,r0015s001l-003,5.0
0.03,0.0,0.0,-0.03,27.527496337890625,3.048,-2.61009,6.60059,0.35579763905354084,0.012583123253569688,-0.9344783063576765,r003l-003,6.0
0.03,0.005,0.0,-0.03,31.39420509338379,3.048,-2.61009,6.60059,-0.6704260923309663,-0.02366440167015089,-0.7415988476362572,r003s0005l-003,7.0
0.03,0.01,0.0,-0.03,32.84672546386719,3.048,-2.61009,6.60059,-0.935957756196121,-0.08165051487564803,0.3425146303982708,r003s001l-003,8.0
0.0,0.0,0.0067,-0.03,17.548948287963867,3.048,-2.60858,6.4107,0.2592489114570973,0.9657565898737165,-0.010208380077198603,t00067l-003,9.0
0.0,0.005,0.0067,-0.03,21.38800621032715,3.048,-2.61009,6.60059,0.16724879175856544,0.9859144770620986,0.00069683187978379,s0005t00067l-003,10.0
0.0,0.01,0.0067,-0.03,24.93058204650879,3.048,-2.61009,6.60059,0.8752458302043853,0.483660496846811,0.004154575758424435,s001t00067l-003,11.0
0.015,0.0,0.0067,-0.03,17.52988624572754,3.048,-2.61009,6.60059,0.8445277825927157,0.4967609457602424,-0.2000034679609844,r0015t00067l-003,12.0
0.015,0.005,0.0067,-0.03,23.337261199951172,3.048,-2.61009,6.60059,0.9330101063493318,0.35984730928383135,-0.0014336844824597611,r0015s0005t00067l-003,13.0
0.015,0.01,0.0067,-0.03,26.982181549072266,3.048,-2.61009,6.60059,0.7916640961408452,0.6109358871237374,0.00502998069880746,r0015s001t00067l-003,14.0
0.03,0.0,0.0067,-0.03,29.3541202545166,3.048,-2.61009,6.60059,0.6048041404065847,0.030741278654739215,-0.7957807019108492,r003t00067l-003,15.0
0.03,0.005,0.0067,-0.03,32.24209213256836,3.048,-2.61009,6.60059,-0.9876258833445388,-0.10314243943986666,-0.11813869702308641,r003s0005t00067l-003,16.0
0.03,0.01,0.0067,-0.03,33.35138702392578,3.048,-2.61009,6.60059,-0.9726946687466045,-0.23039216039965613,0.02800953084777683,r003s001t00067l-003,17.0
0.0,0.0,0.0133,-0.03,14.282082557678223,3.048,-2.60858,6.4107,0.21734538158460553,0.9760927990142908,-0.0019577579751805197,t00133l-003,18.0
0.0,0.005,0.0133,-0.03,18.43108558654785,3.048,-2.61009,6.60059,0.9490618711917337,0.3150886608576329,-0.0008369283057027256,s0005t00133l-003,19.0
0.0,0.01,0.0133,-0.03,22.021928787231445,3.048,-2.61009,6.60059,0.7435969428582909,0.6685326858884868,0.011297542676593428,s001t00133l-003,20.0
0.015,0.0,0.0133,-0.03,16.463947296142578,3.048,-2.61009,6.60059,0.6868531119389379,0.1433780595083488,-0.7125135329742286,r0015t00133l-003,21.0
0.015,0.005,0.0133,-0.03,20.650447845458984,3.048,-2.61009,6.60059,0.871131023039281,0.49099464123927683,0.0074163989138516665,r0015s0005t00133l-003,22.0
0.015,0.01,0.0133,-0.03,25.624391555786133,-0.132109,-2.95151,5.759958,0.6972832482202822,0.7167938197922976,-0.001640627605376863,r0015s001t00133l-003,23.0
0.03,0.0,0.0133,-0.03,28.32807159423828,3.048,-2.61009,6.60059,0.4349888322564695,0.01825813693566112,-0.9002507185488894,r003t00133l-003,24.0
0.03,0.005,0.0133,-0.03,31.284656524658203,3.048,-2.61009,6.60059,-0.9925813231377848,-0.11522637224384538,0.03879690835062982,r003s0005t00133l-003,25.0
0.03,0.01,0.0133,-0.03,34.55251693725586,-0.133193,-2.952593,6.349957,0.7238493381910877,0.6899228197819411,0.006974119618956763,r003s001t00133l-003,26.0
0.0,0.0,0.02,-0.03,10.968108177185059,3.048,-2.60858,6.4107,0.16191906823876134,0.9862539921614656,-0.032943562136831944,t002l-003,27.0
0.0,0.005,0.02,-0.03,15.464756965637207,3.048,-2.61009,6.60059,0.7424743971350215,0.6698608627468995,0.004265461166830558,s0005t002l-003,28.0
0.0,0.01,0.02,-0.03,22.376842498779297,-0.132109,-2.95151,5.759958,0.6928440089138127,0.7208241238040684,0.019487479424844408,s001t002l-003,29.0
0.015,0.0,0.02,-0.03,15.41280746459961,3.048,-2.61009,6.60059,0.9176671684291283,0.10310614793348431,0.38373961255724465,r0015t002l-003,30.0
0.015,0.005,0.02,-0.03,22.139385223388672,-0.132109,-2.95151,5.759958,0.6943812823756068,0.7196062756084631,-0.001201162488741679,r0015s0005t002l-003,31.0
0.015,0.01,0.02,-0.03,31.420787811279297,-0.133193,-2.952593,6.349957,0.7035671475205497,0.7106280377526778,-0.0010299949396385094,r0015s001t002l-003,32.0
0.03,0.0,0.02,-0.03,27.288694381713867,3.048,-2.61009,6.60059,0.6922217049990681,0.02170880959095872,0.7213583289283674,r003t002l-003,33.0
0.03,0.005,0.02,-0.03,32.35988235473633,-0.132109,-2.95151,5.759958,0.7499945280722524,0.6613865312698936,-0.008721474442853224,r003s0005t002l-003,34.0
0.03,0.01,0.02,-0.03,39.216163635253906,-0.133193,-2.952593,6.349957,0.708144468348264,0.706066952683369,-0.0009328859392243348,r003s001t002l-003,35.0
0.0,0.0,0.0,-0.015,5.153717994689941,3.048,-2.60858,6.4107,0.12129107664555241,0.9925935974311225,-0.006813594125387023,l-0015,36.0
0.0,0.005,0.0,-0.015,9.894330024719238,3.048,-2.61009,6.60059,0.18266930583587154,0.9831744114945765,-3.588501327944118e-05,s0005l-0015,37.0
0.0,0.01,0.0,-0.015,14.312498092651367,3.048,-2.61009,6.60059,0.8159193887020212,0.578135620399276,0.005895385115860074,s001l-0015,38.0
0.015,0.0,0.0,-0.015,13.763748168945312,3.048,-2.61009,6.60059,0.35579763905354084,0.012583123253569688,-0.9344783063576765,r0015l-0015,39.0
0.015,0.005,0.0,-0.015,16.423362731933594,3.048,-2.61009,6.60059,-0.935957756196121,-0.08165051487564803,0.3425146303982708,r0015s0005l-0015,40.0
0.015,0.01,0.0,-0.015,18.75122833251953,3.048,-2.61009,6.60059,0.9308044720489342,0.36523699208270954,0.014316928025228699,r0015s001l-0015,41.0
0.03,0.0,0.0,-0.015,25.876079559326172,3.048,-2.61009,6.60059,0.1562281321380108,0.0020849960181268164,-0.9877187977963529,r003l-0015,42.0
0.03,0.005,0.0,-0.015,29.606182098388672,3.048,-2.61009,6.60059,-0.7809035893540021,-0.030847492298427336,0.6238894263833411,r003s0005l-0015,43.0
0.03,0.01,0.0,-0.015,31.09514808654785,3.048,-2.61009,6.60059,-0.9032780569980661,-0.06907111930537267,0.4234594812065277,r003s001l-0015,44.0
0.0,0.0,0.0067,-0.015,7.116299152374268,3.048,-2.60858,6.4107,0.21674130028247024,0.9762270682657224,-0.001979883121903576,t00067l-0015,45.0
0.0,0.005,0.0067,-0.015,10.989078521728516,3.048,-2.61009,6.60059,0.7420322340120251,0.6702684789409967,0.011328275475364738,s0005t00067l-0015,46.0
0.0,0.01,0.0067,-0.015,17.047529220581055,-0.132109,-2.95151,5.759958,0.6942457761745533,0.7192392190718067,0.026790819561372477,s001t00067l-0015,47.0
0.015,0.0,0.0067,-0.015,14.156272888183594,3.048,-2.61009,6.60059,0.3325014601516536,0.013979983868448072,-0.9429991193251753,r0015t00067l-0015,48.0
0.015,0.005,0.0067,-0.015,17.30636215209961,-0.132109,-2.95151,5.759958,0.7218587313330507,0.6920268362733308,-0.004339340475609121,r0015s0005t00067l-0015,49.0
0.015,0.01,0.0067,-0.015,26.00272560119629,-0.133193,-2.952593,6.349957,0.7025298503246724,0.7116528995602248,-0.0013999822563482093,r0015s001t00067l-0015,50.0
0.03,0.0,0.0067,-0.015,26.02826499938965,3.048,-2.61009,6.60059,0.1707942300656328,0.00336631882309245,-0.9853009686760026,r003t00067l-0015,51.0
0.03,0.005,0.0067,-0.015,30.35313606262207,-0.133192,-2.952593,6.154656,0.8476873950670942,0.5161945219687725,0.12234907328539399,r003s0005t00067l-0015,52.0
0.03,0.01,0.0067,-0.015,34.82600021362305,-0.133193,-2.952593,6.349957,0.7270152286683809,0.686612007712038,-0.0035788475667493705,r003s001t00067l-0015,53.0
0.0,0.0,0.0133,-0.015,4.199862480163574,-0.132109,-2.95151,5.759958,0.6642779192516782,0.7473244838940376,-0.015522943250914462,t00133l-0015,54.0
0.0,0.005,0.0133,-0.015,14.0394287109375,-0.132109,-2.95151,5.759958,0.6891506385649016,0.7245127314079589,0.012357159599496143,s0005t00133l-0015,55.0
0.0,0.01,0.0133,-0.015,22.74401092529297,-0.132109,-2.95151,5.759958,0.6890897077558227,0.7244169642181445,0.019376186878803613,s001t00133l-0015,56.0
0.015,0.0,0.0133,-0.015,13.583261489868164,-0.133192,-2.952593,6.154656,0.8763571722290411,0.2170731660582098,0.42997365879805205,r0015t00133l-0015,57.0
0.015,0.005,0.0133,-0.015,22.438095092773438,-0.132109,-2.95151,5.759958,0.6904160535951989,0.7234120125169257,-0.0008562033885979802,r0015s0005t00133l-0015,58.0
0.015,0.01,0.0133,-0.015,31.722370147705078,-0.133193,-2.952593,6.349957,0.70970706847862,0.7044968911668503,-8.536818064577468e-05,r0015s001t00133l-0015,59.0
0.03,0.0,0.0133,-0.015,26.15569305419922,0.0,-2.8194,6.447617,0.05824282303728436,0.005567305657419771,0.9982869220180963,r003t00133l-0015,60.0
0.03,0.005,0.0133,-0.015,32.49408721923828,-0.132109,-2.95151,5.759958,0.7432956286266537,0.6689524839723662,-0.0037659861535966265,r003s0005t00133l-0015,61.0
0.03,0.01,0.0133,-0.015,39.500450134277344,-0.133193,-2.952593,6.349957,0.7126934693112145,0.7014755998133835,-4.0836245166186174e-05,r003s001t00133l-0015,62.0
0.0,0.0,0.02,-0.015,9.648879051208496,-0.132109,-2.95151,5.759958,0.672395446422971,0.7401353569439355,-0.009166080466955086,t002l-0015,63.0
0.0,0.005,0.02,-0.015,19.839954376220703,-0.132109,-2.95151,5.759958,0.685283384789715,0.7282307378234631,0.00816547734343058,s0005t002l-0015,64.0
0.0,0.01,0.02,-0.015,28.54001808166504,-0.132109,-2.95151,5.759958,0.6864144704155484,0.727100306478236,0.012661718816866858,s001t002l-0015,65.0
0.015,0.0,0.02,-0.015,15.67200756072998,0.0,-2.8194,6.447617,0.41698190720160067,0.2270986649513023,0.8800865215669716,r0015t002l-0015,66.0
0.015,0.005,0.02,-0.015,28.249393463134766,-0.132109,-2.95151,5.759958,0.6868874005060686,0.7267637653268206,0.0003583768934078171,r0015s0005t002l-0015,67.0
0.015,0.01,0.02,-0.015,37.54301071166992,-0.132109,-2.95151,5.759958,0.6872805719313637,0.7263920411338854,-0.00013424993588858123,r0015s001t002l-0015,68.0
0.03,0.0,0.02,-0.015,28.407245635986328,0.0,-2.8194,6.447617,0.16181181058806912,0.038257130585010034,0.9860797786759509,r003t002l-0015,69.0
0.03,0.005,0.02,-0.015,36.60415267944336,-0.132109,-2.95151,5.759958,0.7013733463344484,0.7127918068826157,0.0018080632272906754,r003s0005t002l-0015,70.0
0.03,0.01,0.02,-0.015,45.26723861694336,-0.133193,-2.952593,6.349957,0.7158099380752831,0.6982949780062769,0.0005062053659092692,r003s001t002l-0015,71.0
0.0,0.005,0.0,0.0,6.953941345214844,-0.132109,-2.95151,5.759958,0.6843116002307568,0.7283378813075095,0.03523584030655615,s0005,73.0
0.0,0.01,0.0,0.0,13.907882690429688,-0.132109,-2.95151,5.759958,0.6843116002307568,0.7283378813075095,0.03523584030655615,s001,74.0
0.015,0.0,0.0,0.0,12.212684631347656,3.048,-2.60858,6.4107,0.9997166514125275,-1.9688658425799073e-07,0.023803715854549407,r0015,75.0
0.015,0.005,0.0,0.0,15.182334899902344,-0.133192,-2.952593,6.154656,0.8417038241906538,0.5265314682811155,0.11957961888449571,r0015s0005,76.0
0.015,0.01,0.0,0.0,19.38993263244629,-0.133193,-2.952593,6.349957,0.7215836756391907,0.6923254129480941,0.0015879663994950875,r0015s001,77.0
0.03,0.0,0.0,0.0,24.425369262695312,3.048,-2.60858,6.4107,0.9997166514125275,-1.9688658425799073e-07,0.023803715854549407,r003,78.0
0.03,0.005,0.0,0.0,28.601266860961914,-0.133192,-2.952593,6.154656,0.8962148099460671,0.3698469768580071,0.24497393359769454,r003s0005,79.0
0.03,0.01,0.0,0.0,30.364669799804688,-0.133192,-2.952593,6.154656,0.8417038241906538,0.5265314682811155,0.11957961888449571,r003s001,80.0
0.0,0.0,0.0067,0.0,5.801775932312012,0.0,-2.8194,6.447617,0.454357430901085,0.890791549870757,0.007052635239418631,t00067,81.0
0.0,0.005,0.0067,0.0,16.92026710510254,-0.132109,-2.95151,5.759958,0.6815710708691909,0.7316565724230182,0.011812509658206287,s0005t00067,82.0
0.0,0.01,0.0067,0.0,28.524763107299805,-0.132109,-2.95151,5.759958,0.6821453570828442,0.731065336202086,0.01487232376092618,s001t00067,83.0
0.015,0.0,0.0067,0.0,14.336288452148438,0.0,-2.8194,6.447617,0.1791915189294094,0.04406630482332173,0.982826821125161,r0015t00067,84.0
0.015,0.005,0.0067,0.0,27.01751708984375,-0.132109,-2.95151,5.759958,0.6832522156654247,0.7301805754950411,0.0016543754164450588,r0015s0005t00067,85.0
0.015,0.01,0.0067,0.0,39.319313049316406,-0.132109,-2.95151,5.759958,0.6830327693031855,0.7303869516142549,0.001066287792989033,r0015s001t00067,86.0
0.03,0.0,0.0067,0.0,26.798009872436523,0.0,-2.8194,6.447617,0.08146005818146872,0.009590722810437189,0.9966304615839541,r003t00067,87.0
0.03,0.005,0.0067,0.0,36.979618072509766,-0.132109,-2.95151,5.759958,0.6963040587317,0.7177326325673403,0.004530556446708718,r003s0005t00067,88.0
0.03,0.01,0.0067,0.0,48.690887451171875,-0.132109,-2.95151,5.759958,0.6840229433148155,0.7294582648998372,0.0018035487949448505,r003s001t00067,89.0
0.0,0.0,0.0133,0.0,11.516958236694336,0.0,-2.8194,6.447617,0.454357258312299,0.890791637906336,0.0070526346196406,t00133,90.0
0.0,0.005,0.0133,0.0,22.158790588378906,-0.132109,-2.95151,5.759958,0.6808734816924807,0.7323546674149137,0.00824275703573632,s0005t00133,91.0
0.0,0.01,0.0133,0.0,33.76117706298828,-0.132109,-2.95151,5.759958,0.6815782338065385,0.7316493223505123,0.011848219494745073,s001t00133,92.0
0.015,0.0,0.0133,0.0,16.19691276550293,0.0,-2.8194,6.447617,0.5564467975871291,0.38041760304574945,0.738680857169018,r0015t00133,93.0
0.015,0.005,0.0133,0.0,32.28919982910156,-0.132109,-2.95151,5.759958,0.6822809907644309,0.7310878886174581,0.0017744741118500829,r0015s0005t00133,94.0
0.015,0.01,0.0133,0.0,44.595001220703125,-0.132109,-2.95151,5.759958,0.6824211295859886,0.7309584280373504,0.0010855301694449788,r0015s001t00133,95.0
0.03,0.0,0.0133,0.0,28.644569396972656,0.0,-2.8194,6.447617,0.1774456444227008,0.04324180949265431,0.9831801407612002,r003t00133,96.0
0.03,0.005,0.0133,0.0,41.69120407104492,-0.132109,-2.95151,5.759958,0.6841422449390797,0.7293421850852008,0.0030603504473714674,r003s0005t00133,97.0
0.03,0.01,0.0133,0.0,53.95522689819336,-0.133193,-2.952593,6.349957,0.7277366758418938,0.6858557824957295,0.0010845514100577423,r003s001t00133,98.0
0.0,0.0,0.02,0.0,17.318735122680664,0.0,-2.8194,6.447617,0.45435746394592824,0.8907915330229664,0.007052634345960607,t002,99.0
0.0,0.005,0.02,0.0,27.47820472717285,-0.132109,-2.95151,5.759958,0.6804625499119,0.7327543696485687,0.006461573208125045,s0005t002,100.0
0.0,0.01,0.02,0.0,39.07854461669922,-0.132109,-2.95151,5.759958,0.681162774733631,0.7320636998287201,0.010000685489833462,s001t002,101.0
0.015,0.0,0.02,0.0,19.15757942199707,0.0,-2.8194,6.252317,0.5689291625203821,0.8181615238159063,-0.08325460336276089,r0015t002,102.0
0.015,0.005,0.02,0.0,37.6454963684082,-0.132109,-2.95151,5.759958,0.6816714519153628,0.7316564997498706,0.0016727275237762333,r0015s0005t002,103.0
0.015,0.01,0.02,0.0,49.95256805419922,-0.132109,-2.95151,5.759958,0.6819635435925306,0.7313850106728158,0.0013005282940933478,r0015s001t002,104.0
0.03,0.0,0.02,0.0,30.52484130859375,0.0,-2.8194,6.447617,0.331498527837161,0.13994538453860494,0.93301876475671,r003t002,105.0
0.03,0.005,0.02,0.0,47.017738342285156,-0.132109,-2.95151,5.759958,0.6829688934186723,0.730441942505512,0.002838882042032434,r003s0005t002,106.0
0.03,0.01,0.02,0.0,59.3050422668457,-0.132109,-2.95151,5.759958,0.6827019133579588,0.7306953219414353,0.0015633266723244184,r003s001t002,107.0
0.0,0.0,0.0,0.015,5.259772300720215,0.0,-2.8194,6.447617,0.398268326164864,0.9172687404043277,-0.000631071228512367,l0015,108.0
0.0,0.005,0.0,0.015,6.89897346496582,-0.132109,-2.95151,5.759958,0.6845595262211126,0.728197612326658,0.03326398144660385,s0005l0015,109.0
0.0,0.01,0.0,0.015,11.058392524719238,-0.132109,-2.95151,5.759958,0.6910075666248947,0.7217383303780743,0.04002905607444911,s001l0015,110.0
0.015,0.0,0.0,0.015,14.012190818786621,0.0,-2.8194,6.447617,0.26243476184572556,0.04864376012773315,-0.96372287529954,r0015l0015,111.0
0.015,0.005,0.0,0.015,14.60791301727295,-0.133192,-2.952593,6.154656,0.8885586709327363,0.4282029052570576,0.16463827088397415,r0015s0005l0015,112.0
0.015,0.01,0.0,0.015,15.890588760375977,-0.133193,-2.952593,6.349957,0.7610673514880416,0.6485785452027791,-0.01106151895646122,r0015s001l0015,113.0
0.03,0.0,0.0,0.015,26.32538414001465,0.0,-2.8194,6.447617,0.19219903401779675,0.01661282962560348,-0.9812153408984475,r003l0015,114.0
0.03,0.005,0.0,0.015,27.512451171875,-0.133192,-2.952593,6.154656,0.9496518358942891,0.27744505885174187,-0.14555284229914384,r003s0005l0015,115.0
0.03,0.01,0.0,0.015,28.45598030090332,-0.133192,-2.952593,6.154656,0.9254696394882395,0.36386692708334356,0.10538883128886553,r003s001l0015,116.0
0.0,0.0,0.0067,0.015,18.72654151916504,0.0,-2.8194,6.447617,0.4228538230139107,0.9061612569923261,0.008149888870883314,t00067l0015,117.0
0.0,0.005,0.0067,0.015,21.30086326599121,0.0,-2.8194,6.447617,0.4735919064790223,0.8805032626526921,0.020608507358116607,s0005t00067l0015,118.0
0.0,0.01,0.0067,0.015,29.391490936279297,-0.132109,-2.95151,5.759958,0.6817232872951116,0.7314695071483749,0.014342931069352902,s001t00067l0015,119.0
0.015,0.0,0.0067,0.015,20.974334716796875,0.0,-2.8194,6.447617,0.4908042918051892,0.8701699195150004,0.04376594928553612,r0015t00067l0015,120.0
0.015,0.005,0.0067,0.015,28.970455169677734,-0.132109,-2.95151,5.759958,0.6821019893196714,0.7312549202720043,0.0017657134907751943,r0015s0005t00067l0015,121.0
0.015,0.01,0.0067,0.015,38.258209228515625,-0.132109,-2.95151,5.759958,0.6834986164998869,0.729951128292823,0.000995764417428376,r0015s001t00067l0015,122.0
0.03,0.0,0.0067,0.015,31.549976348876953,0.0,-2.8194,6.447617,0.4636022483117028,0.2458081679736929,0.8512645299304741,r003t00067l0015,123.0
0.03,0.005,0.0067,0.015,37.20956039428711,-0.132109,-2.95151,5.759958,0.6949477522497124,0.7190464545582069,0.004451722177387233,r003s0005t00067l0015,124.0
0.03,0.01,0.0067,0.015,45.974117279052734,-0.133193,-2.952593,6.349957,0.7238991677050101,0.6898519008958531,-0.008622634537760476,r003s001t00067l0015,125.0
0.0,0.0,0.0133,0.015,25.594741821289062,0.0,-2.8194,6.447617,0.42925922218468116,0.9031434311857538,-0.008274229597132057,t00133l0015,126.0
0.0,0.005,0.0133,0.015,28.292749404907227,0.0,-2.8194,6.447617,0.4685821136914313,0.8832789823904792,0.015781064466949213,s0005t00133l0015,127.0
0.0,0.01,0.0133,0.015,35.114959716796875,-0.132109,-2.95151,5.759958,0.6810658733255696,0.7321323775588744,0.011465510074526489,s001t00133l0015,128.0
0.015,0.0,0.0133,0.015,27.272232055664062,0.0,-2.8194,6.447617,0.4314544410421208,0.9017766810172769,-0.02541422590785878,r0015t00133l0015,129.0
0.015,0.005,0.0133,0.015,34.71953201293945,-0.132109,-2.95151,5.759958,0.6812510727685812,0.7320484303263788,0.0014392735466926447,r0015s0005t00133l0015,130.0
0.015,0.01,0.0133,0.015,44.00684356689453,-0.132109,-2.95151,5.759958,0.6826266536340273,0.7307665451669431,0.0010527170464388394,r0015s001t00133l0015,131.0
0.03,0.0,0.0133,0.015,33.846153259277344,0.0,-2.8194,6.447617,0.4306401035979747,0.4300697515319411,0.7934665147253411,r003t00133l0015,132.0
0.03,0.005,0.0133,0.015,42.446231842041016,-0.132109,-2.95151,5.759958,0.6837163057574903,0.7297433623742678,0.0025764921944834923,r003s0005t00133l0015,133.0
0.03,0.01,0.0133,0.015,51.70529556274414,-0.133193,-2.952593,6.349957,0.7258404200761644,0.6878207519798124,-0.007635294989872377,r003s001t00133l0015,134.0
0.0,0.0,0.02,0.015,32.568546295166016,0.0,-2.8194,6.447617,0.43299690432441695,0.9013528466274663,-0.008759379089585241,t002l0015,135.0
0.0,0.005,0.02,0.015,35.392662048339844,0.0,-2.8194,6.447617,0.46497812007867867,0.8850708518176614,0.02109348503346858,s0005t002l0015,136.0
0.0,0.01,0.02,0.015,40.92707443237305,-0.132109,-2.95151,5.759958,0.6806059840466796,0.7325885796358116,0.009458724387296115,s001t002l0015,137.0
0.015,0.0,0.02,0.015,34.24126434326172,0.0,-2.8194,6.447617,0.43404678351954185,0.9007081368978748,-0.018117445799536586,r0015t002l0015,138.0
0.015,0.005,0.02,0.015,40.55982208251953,-0.132109,-2.95151,5.759958,0.6807127319152249,0.7325503241530879,0.0004463089929268518,r0015s0005t002l0015,139.0
0.015,0.01,0.02,0.015,49.84548568725586,-0.132109,-2.95151,5.759958,0.6819949329534889,0.7313557556989138,0.0012922971162788505,r0015s001t002l0015,140.0
0.03,0.0,0.02,0.015,37.9935302734375,0.0,-2.8194,6.447617,0.5528379680264254,0.8284849939224823,-0.08934649379621658,r003t002l0015,141.0
0.03,0.005,0.02,0.015,48.25771713256836,-0.132109,-2.95151,5.759958,0.6825143170599665,0.7308667958271542,0.0028166940757612027,r003s0005t002l0015,142.0
0.03,0.01,0.02,0.015,57.532737731933594,-0.132109,-2.95151,5.759958,0.6832116166784552,0.730219374791878,0.0012455979166735157,r003s001t002l0015,143.0
0.0,0.0,0.0,0.03,10.51954460144043,0.0,-2.8194,6.447617,0.398268326164864,0.9172687404043277,-0.000631071228512367,l003,144.0
0.0,0.005,0.0,0.03,9.65627670288086,-0.132109,-2.95151,5.759958,0.678792207630805,0.7339215145802873,0.0245020263626331,s0005l003,145.0
0.0,0.01,0.0,0.03,13.79794692993164,-0.132109,-2.95151,5.759958,0.6845595262211126,0.728197612326658,0.03326398144660385,s001l003,146.0
0.015,0.0,0.0,0.03,15.719169616699219,0.0,-2.8194,6.447617,0.37049384539594626,0.19174167022843894,-0.9088286100369711,r0015l003,147.0
0.015,0.005,0.0,0.03,15.374191284179688,-0.133192,-2.952593,6.154656,0.8244685477477286,0.5572564759452124,0.09857400160222077,r0015s0005l003,148.0
0.015,0.01,0.0,0.03,17.58495330810547,-0.133193,-2.952593,6.349957,0.7296668463973927,0.683761668600488,-0.007501587909257284,r0015s001l003,149.0
0.03,0.0,0.0,0.03,28.024381637573242,0.0,-2.8194,6.447617,0.26243476184572556,0.04864376012773315,-0.96372287529954,r003l003,150.0
0.03,0.005,0.0,0.03,28.27042579650879,-0.133192,-2.952593,6.154656,0.9044398783965668,0.3391989220897206,0.25871335029173775,r003s0005l003,151.0
0.03,0.01,0.0,0.03,29.2158260345459,-0.133192,-2.952593,6.154656,0.8885586722169371,0.4282029058743921,0.16463826234748766,r003s001l003,152.0
0.0,0.0,0.0067,0.03,30.483285903930664,0.0,-2.8194,6.447617,0.41741591381202453,0.9087121207782931,-0.0024972879468049916,t00067l003,153.0
0.0,0.005,0.0067,0.03,32.89126205444336,0.0,-2.8194,6.447617,0.4489980412420262,0.8932789147557406,0.02129646481531066,s0005t00067l003,154.0
0.0,0.01,0.0067,0.03,35.593910217285156,-0.132109,-2.95151,5.759958,0.6794761832890218,0.7336069687494615,0.011529602994458328,s001t00067l003,155.0
0.015,0.0,0.0067,0.03,32.14427185058594,0.0,-2.8194,6.447617,0.41964638341570715,0.9076198152426678,-0.011098822684544332,r0015t00067l003,156.0
0.015,0.005,0.0067,0.03,36.848541259765625,0.0,-2.8194,6.447617,0.47093684650624024,0.881855960718817,0.023421168789159126,r0015s0005t00067l003,157.0
0.015,0.01,0.0067,0.03,44.41687774658203,-0.132109,-2.95151,5.759958,0.6812216222269378,0.7320760864441744,0.001305782171985993,r0015s001t00067l003,158.0
0.03,0.0,0.0067,0.03,36.415191650390625,0.0,-2.8194,6.447617,0.5825025980049601,0.8093219452105098,-0.07542355280778393,r003t00067l003,159.0
0.03,0.005,0.0067,0.03,42.854888916015625,-0.132109,-2.95151,5.759958,0.682224378135084,0.7311358133852474,0.003212516722227284,r003s0005t00067l003,160.0
0.03,0.01,0.0067,0.03,52.11086654663086,-0.132109,-2.95151,5.759958,0.6827687937398647,0.730632020585703,0.0019038880910045523,r003s001t00067l003,161.0
0.0,0.0,0.0133,0.03,37.34904098510742,0.0,-2.8194,6.447617,0.42278630008197254,0.9061927456323282,0.008151823497772668,t00133l003,162.0
0.0,0.005,0.0133,0.03,39.88734817504883,0.0,-2.8194,6.447617,0.4496883368925596,0.8929790190427089,0.019206020210472356,s0005t00133l003,163.0
0.0,0.01,0.0133,0.03,42.495811462402344,0.0,-2.8194,6.447617,0.4736420599629732,0.8804751607464426,0.020656484273892457,s001t00133l003,164.0
0.015,0.0,0.0133,0.03,39.01039505004883,0.0,-2.8194,6.447617,0.4241676859784686,0.9054929716249613,0.012816103521286546,r0015t00133l003,165.0
0.015,0.005,0.0133,0.03,43.85612487792969,0.0,-2.8194,6.447617,0.4680936289776114,0.8834551193152862,0.01988483508062583,r0015s0005t00133l003,166.0
0.015,0.01,0.0133,0.03,50.170494079589844,-0.132109,-2.95151,5.759958,0.6808025078734297,0.7324661182752985,0.0011536255739615646,r0015s001t00133l003,167.0
0.03,0.0,0.0133,0.03,41.86334228515625,0.0,-2.8194,6.447617,0.49191100676015925,0.8695261894783717,0.0441335160555942,r003t00133l003,168.0
0.03,0.005,0.0133,0.03,48.581974029541016,-0.132109,-2.95151,5.759958,0.6812702929892354,0.7320275593077884,0.002537775451802477,r003s0005t00133l003,169.0
0.03,0.01,0.0133,0.03,57.85384750366211,-0.132109,-2.95151,5.759958,0.6821103692810087,0.7312470995905599,0.001767331242206753,r003s001t00133l003,170.0
0.0,0.0,0.02,0.03,44.32072830200195,0.0,-2.8194,6.447617,0.4265920096453394,0.9044084238671434,0.008041153207116814,t002l003,171.0
0.0,0.005,0.02,0.03,46.9897346496582,0.0,-2.8194,6.447617,0.4501825028134135,0.892761000614622,0.01770621196727357,s0005t002l003,172.0
0.0,0.01,0.02,0.03,49.592891693115234,0.0,-2.8194,6.447617,0.4707372490140947,0.8820924194611689,0.017871931059162478,s001t002l003,173.0
0.015,0.0,0.02,0.03,45.984619140625,0.0,-2.8194,6.447617,0.4275036616886949,0.9039337600970657,0.012015681401339007,r0015t002l003,174.0
0.015,0.005,0.02,0.03,50.9716911315918,0.0,-2.8194,6.447617,0.46602204091408495,0.8845935211768519,0.017825814825970766,r0015s0005t002l003,175.0
0.015,0.01,0.02,0.03,56.01271438598633,-0.132109,-2.95151,5.759958,0.6709246562453028,0.7415246363241194,0.0011486368028185033,r0015s001t002l003,176.0
0.03,0.0,0.02,0.03,47.76531219482422,0.0,-2.8194,6.447617,0.43414067391396244,0.9003594457556938,0.029576066202765604,r003t002l003,177.0
0.03,0.005,0.02,0.03,54.70064926147461,0.0,-2.8194,6.447617,0.47970036764133817,0.8774173183635761,0.005138746971384947,r003s0005t002l003,178.0
0.03,0.01,0.02,0.03,63.68855667114258,-0.132109,-2.95151,5.759958,0.681620915598325,0.7317040044946804,0.0014755423916832154,r003s001t002l003,179.0
